MemeLabel	BaseImageURL	Height	Width	StandardTextBox
Drake Hotline Bling	https://i.imgflip.com/30b1gx.jpg	1200	1200	2
Distracted Boyfriend	https://i.imgflip.com/1ur9b0.jpg	800	1200	3
Two Buttons	https://i.imgflip.com/1g8my4.jpg	908	600	2
Change My Mind	https://i.imgflip.com/24y43o.jpg	361	482	2
Mocking Spongebob	https://i.imgflip.com/1otk96.jpg	353	502	2
Left Exit 12 Off Ramp	https://i.imgflip.com/22bdq6.jpg	767	804	3
Batman Slapping Robin	https://i.imgflip.com/9ehk.jpg	387	400	2
Running Away Balloon	https://i.imgflip.com/261o3j.jpg	1024	761	5
Woman Yelling At Cat	https://i.imgflip.com/345v97.jpg	438	680	2
UNO Draw 25 Cards	https://i.imgflip.com/3lmzyx.jpg	494	500	2
Expanding Brain	https://i.imgflip.com/1jwhww.jpg	1202	857	4
Boardroom Meeting Suggestion	https://i.imgflip.com/m78d.jpg	649	500	4
Roll Safe Think About It	https://i.imgflip.com/1h7in3.jpg	395	702	2
Waiting Skeleton	https://i.imgflip.com/2fm6x.jpg	403	298	2
Blank Nut Button	https://i.imgflip.com/1yxkcp.jpg	446	600	2
Disaster Girl	https://i.imgflip.com/23ls.jpg	375	500	2
Tuxedo Winnie The Pooh	https://i.imgflip.com/2ybua0.png	582	800	2
Inhaling Seagull	https://i.imgflip.com/1w7ygt.jpg	2825	1269	4
Is This A Pigeon	https://i.imgflip.com/1o00in.jpg	1425	1587	3
Surprised Pikachu	https://i.imgflip.com/2kbn1e.jpg	1893	1893	3
X X Everywhere	https://i.imgflip.com/1ihzfe.jpg	1440	2118	2
Hide the Pain Harold	https://i.imgflip.com/gk5el.jpg	601	480	2
Trump Bill Signing	https://i.imgflip.com/1ii4oc.jpg	1529	1866	2
One Does Not Simply	https://i.imgflip.com/1bij.jpg	335	568	2
The Scroll Of Truth	https://i.imgflip.com/21tqf4.jpg	1236	1280	2
American Chopper Argument	https://i.imgflip.com/2896ro.jpg	1800	640	5
Ancient Aliens	https://i.imgflip.com/26am.jpg	437	500	2
The Rock Driving	https://i.imgflip.com/grr.jpg	700	568	2
Spongebob Ight Imma Head Out	https://i.imgflip.com/392xtu.jpg	960	822	2
Oprah You Get A	https://i.imgflip.com/gtj5t.jpg	465	620	2
Futurama Fry	https://i.imgflip.com/1bgw.jpg	414	552	2
Finding Neverland	https://i.imgflip.com/3pnmg.jpg	600	423	3
Third World Skeptical Kid	https://i.imgflip.com/265k.jpg	426	426	2
Who Killed Hannibal	https://i.imgflip.com/28s2gu.jpg	1440	1280	3
Doge	https://i.imgflip.com/4t0m5.jpg	620	620	5
Marked Safe From	https://i.imgflip.com/2odckz.jpg	499	618	2
Unsettled Tom	https://i.imgflip.com/2wifvo.jpg	550	680	2
Grandma Finds The Internet	https://i.imgflip.com/1bhw.jpg	480	640	2
Third World Success Kid	https://i.imgflip.com/265j.jpg	500	500	2
Bad Luck Brian	https://i.imgflip.com/1bip.jpg	562	475	2
First World Problems	https://i.imgflip.com/1bhf.jpg	367	552	2
Star Wars Yoda	https://i.imgflip.com/8k0sa.jpg	714	620	2
The Most Interesting Man In The World	https://i.imgflip.com/1bh8.jpg	690	550	2
Leonardo Dicaprio Cheers	https://i.imgflip.com/39t1o.jpg	400	600	2
Evil Kermit	https://i.imgflip.com/1e7ql7.jpg	325	700	2
Black Girl Wat	https://i.imgflip.com/8h0c8.jpg	626	599	2
Hard To Swallow Pills	https://i.imgflip.com/271ps6.jpg	979	680	2
That Would Be Great	https://i.imgflip.com/c2qn.jpg	440	526	2
Evil Toddler	https://i.imgflip.com/51s5.jpg	332	500	2
Laughing Men In Suits	https://i.imgflip.com/jrj7.jpg	333	500	2
Y U No	https://i.imgflip.com/1bh3.jpg	500	500	2
Who Would Win?	https://i.imgflip.com/1ooaki.jpg	500	802	2
Jack Sparrow Being Chased	https://i.imgflip.com/9vct.jpg	375	500	2
X All The Y	https://i.imgflip.com/1bh9.jpg	355	500	2
Brace Yourselves X is Coming	https://i.imgflip.com/1bhm.jpg	477	622	2
Maury Lie Detector	https://i.imgflip.com/9iz9.jpg	378	381	2
Be Like Bill	https://i.imgflip.com/xh3me.jpg	907	913	4
Sleeping Shaq	https://i.imgflip.com/1nck6k.jpg	631	640	2
Scared Cat	https://i.imgflip.com/2hgfw.jpg	464	620	2
Squidward	https://i.imgflip.com/64ku.jpg	750	500	2
Success Kid	https://i.imgflip.com/1bhk.jpg	500	500	2
Imagination Spongebob	https://i.imgflip.com/3i7p.jpg	366	500	2
Creepy Condescending Wonka	https://i.imgflip.com/1bim.jpg	545	550	2
See Nobody Cares	https://i.imgflip.com/3vzej.jpg	676	620	2
Uncle Sam	https://i.imgflip.com/1x6f.jpg	833	620	2
Dr Evil Laser	https://i.imgflip.com/odluv.jpg	405	500	2
Grumpy Cat	https://i.imgflip.com/8p0a.jpg	617	500	2
Peter Parker Cry	https://i.imgflip.com/15hg.jpg	992	400	4
Captain Picard Facepalm	https://i.imgflip.com/wczz.jpg	324	500	2
Face You Make Robert Downey Jr	https://i.imgflip.com/5mcpl.jpg	523	460	2
Put It Somewhere Else Patrick	https://i.imgflip.com/1bil.jpg	604	343	2
Surprised Koala	https://i.imgflip.com/ljk.jpg	667	500	2
Am I The Only One Around Here	https://i.imgflip.com/5kdc.jpg	348	500	2
Too Damn High	https://i.imgflip.com/1bik.jpg	316	420	2
Mugatu So Hot Right Now	https://i.imgflip.com/cv1y0.jpg	497	620	2
Matrix Morpheus	https://i.imgflip.com/25w3.jpg	303	500	2
Marvel Civil War 1	https://i.imgflip.com/govs4.jpg	734	423	2
Philosoraptor	https://i.imgflip.com/1bgs.jpg	500	500	2
Me And The Boys	https://i.imgflip.com/320xfw.jpg	476	720	2
I Should Buy A Boat Cat	https://i.imgflip.com/tau4.jpg	368	500	2
Sparta Leonidas	https://i.imgflip.com/46rh.jpg	264	500	2
